MSOA,Local Authority,Construction,Wholesale (including motor trades),Retail (excluding motor trades),Accommodation and Food Service activities,Information and communication,Head Office and Management Consultancy activities,"Professional, Scientific and Technical Activities (excluding Head Office and Management Consultancy activities)",Administrative and Support Service activities,Human Health and Social Work activities
E02000001,City of London,4900,4900,5900,18200,28800,29400,65900,37100,3800
E02000002,Barking and Dagenham,0,,,200,0,,,,200
E02000003,Barking and Dagenham,100,300,400,300,100,,,200,200
E02000004,Barking and Dagenham,100,0,0,0,0,,,0,200
E02000005,Barking and Dagenham,0,100,100,100,0,0,0,100,0
E02000007,Barking and Dagenham,0,,,0,0,0,100,200,500
E02000008,Barking and Dagenham,100,0,100,100,0,0,0,100,300
E02000009,Barking and Dagenham,100,0,100,,0,,,,100
E02000010,Barking and Dagenham,0,,,,0,0,0,,0
E02000011,Barking and Dagenham,400,500,100,100,0,0,0,300,100
E02000012,Barking and Dagenham,100,0,100,100,0,0,0,0,300
E02000013,Barking and Dagenham,0,,,0,0,,,0,100
E02000014,Barking and Dagenham,100,0,200,100,0,,,100,200
E02000015,Barking and Dagenham,0,0,200,0,0,0,0,0,100
E02000016,Barking and Dagenham,300,100,900,300,400,0,400,2200,900
E02000017,Barking and Dagenham,100,0,100,100,100,0,0,200,100
E02000018,Barking and Dagenham,0,200,100,0,0,,,0,100
E02000019,Barking and Dagenham,100,500,600,100,0,0,0,700,100
E02000020,Barking and Dagenham,400,1200,200,0,0,0,100,400,100
E02000021,Barking and Dagenham,100,400,0,300,0,,,100,300
E02000022,Barking and Dagenham,100,400,400,100,0,100,100,200,200
E02000023,Barking and Dagenham,200,700,100,0,0,0,0,100,100
E02006799,Barking and Dagenham,100,400,200,100,0,0,0,400,200
E02000024,Barnet,200,300,700,600,100,200,400,300,600
E02000025,Barnet,100,100,100,200,100,100,100,200,200
E02000026,Barnet,100,0,0,100,0,0,100,100,0
E02000027,Barnet,100,100,0,,0,0,0,100,
E02000028,Barnet,0,200,100,0,100,0,100,200,200
E02000029,Barnet,300,200,300,100,100,0,200,200,200
E02000030,Barnet,100,100,100,200,100,100,100,100,300
E02000031,Barnet,300,200,500,300,100,200,400,800,400
E02000032,Barnet,100,0,100,100,100,0,100,0,100
E02000033,Barnet,300,200,100,100,100,100,0,200,200
E02000034,Barnet,100,100,300,100,100,100,100,200,600
E02000035,Barnet,100,100,100,100,100,100,200,100,400
E02000036,Barnet,100,0,100,200,100,100,0,0,100
E02000037,Barnet,100,100,100,200,100,100,100,100,100
E02000038,Barnet,100,100,400,100,100,,,100,500
E02000039,Barnet,300,200,400,300,200,100,100,200,200
E02000040,Barnet,100,0,200,100,0,,,200,300
E02000041,Barnet,200,200,1000,300,200,100,300,600,400
E02000042,Barnet,300,300,800,300,300,200,600,800,600
E02000043,Barnet,0,0,100,0,100,0,100,0,200
E02000044,Barnet,200,100,0,0,100,100,100,100,0
E02000045,Barnet,100,200,500,100,100,0,100,100,200
E02000046,Barnet,200,300,500,300,200,100,300,300,200
E02000047,Barnet,100,100,200,0,0,0,0,200,1100
E02000048,Barnet,100,100,200,100,100,100,100,100,100
E02000049,Barnet,0,0,0,,0,0,0,0,100
E02000050,Barnet,100,300,100,300,100,300,100,100,300
E02000051,Barnet,200,300,200,200,300,200,600,400,600
E02000052,Barnet,100,100,200,1500,100,100,200,200,200
E02000053,Barnet,100,300,100,200,200,0,0,300,1400
E02000054,Barnet,100,100,100,,100,0,100,100,
E02000055,Barnet,300,300,400,300,200,200,300,400,1100
E02000056,Barnet,100,100,200,100,100,100,100,100,300
E02000057,Barnet,100,100,100,100,100,0,100,200,200
E02000058,Barnet,200,200,600,100,100,200,200,300,400
E02000059,Barnet,200,600,500,100,300,100,600,400,300
E02000060,Barnet,200,100,200,200,100,300,100,100,700
E02000061,Barnet,200,100,600,400,200,100,300,800,500
E02000062,Barnet,300,400,5600,600,100,0,100,100,300
E02000063,Barnet,100,0,0,100,0,,,100,200
E02000064,Barnet,0,100,100,0,0,0,100,100,200
E02000065,Bexley,200,300,100,100,100,100,100,400,100
E02000066,Bexley,0,,,0,0,,,0,200
E02000067,Bexley,100,100,600,100,100,0,0,800,100
E02000068,Bexley,600,600,1000,200,0,100,100,200,300
E02000069,Bexley,0,0,100,0,0,0,0,0,200
E02000070,Bexley,100,0,100,0,0,0,0,0,0
E02000071,Bexley,100,100,200,100,0,0,0,100,100
E02000072,Bexley,200,400,100,100,200,0,100,400,400
E02000073,Bexley,100,0,300,0,0,0,0,100,100
E02000074,Bexley,0,600,0,0,0,,,100,100
E02000075,Bexley,100,0,100,100,0,0,0,0,200
E02000077,Bexley,100,100,100,100,0,0,0,0,200
E02000078,Bexley,100,0,100,100,0,0,0,0,100
E02000079,Bexley,100,100,2200,700,200,0,200,1200,700
E02000080,Bexley,200,100,500,300,0,0,100,200,300
E02000081,Bexley,100,0,0,100,0,0,0,0,200
E02000082,Bexley,100,0,100,100,0,0,0,0,100
E02000083,Bexley,600,800,1200,500,200,0,100,400,300
E02000084,Bexley,200,100,100,100,0,0,100,100,200
E02000085,Bexley,100,100,100,100,0,0,0,100,100
E02000086,Bexley,100,,,100,0,0,0,100,0
E02000087,Bexley,200,0,100,200,100,0,100,100,100
E02000088,Bexley,100,0,0,100,0,0,100,100,100
E02000089,Bexley,100,,,100,0,,,0,300
E02000090,Bexley,300,200,600,400,100,100,300,700,700
E02000091,Bexley,100,0,100,200,100,0,100,200,1700
E02000092,Bexley,400,600,200,100,300,0,400,1700,800
E02006785,Bexley,0,0,0,0,0,0,0,0,100
E02000093,Brent,200,400,500,100,100,0,100,100,600
E02000094,Brent,100,400,700,200,,,,200,100
E02000095,Brent,100,0,400,200,100,0,100,100,200
E02000096,Brent,100,100,300,100,100,100,200,200,200
E02000097,Brent,300,300,100,100,0,0,100,100,100
E02000098,Brent,100,0,100,100,100,100,100,0,300
E02000099,Brent,100,500,300,100,100,0,100,300,200
E02000100,Brent,100,100,100,100,100,100,200,100,4400
E02000101,Brent,100,0,600,100,100,0,0,100,400
E02000102,Brent,200,100,100,0,0,,,100,100
E02000103,Brent,300,1000,300,100,100,200,100,700,200
E02000104,Brent,0,100,100,0,100,0,100,0,300
E02000105,Brent,100,100,200,100,100,0,100,0,1100
E02000106,Brent,300,200,300,300,0,0,100,200,200
E02000107,Brent,100,100,300,100,100,0,100,300,100
E02000108,Brent,0,0,0,0,0,0,0,0,0
E02000109,Brent,900,1200,600,1300,500,0,300,2200,2700
E02000110,Brent,100,0,100,100,0,0,0,0,100
E02000111,Brent,100,100,200,100,100,0,100,100,200
E02000112,Brent,100,100,600,400,200,100,100,300,600
E02000113,Brent,100,200,1500,100,100,100,0,300,100
E02000114,Brent,0,100,300,200,100,0,100,100,100
E02000115,Brent,0,0,100,100,,,,100,100
E02000116,Brent,100,200,200,100,0,,,100,300
E02000117,Brent,100,100,100,0,0,0,0,0,300
E02000118,Brent,300,500,300,300,200,0,100,300,100
E02000119,Brent,300,3500,600,300,300,200,500,3000,1400
E02000120,Brent,100,100,300,300,100,0,100,100,300
E02000121,Brent,200,1000,900,1500,200,0,100,200,300
E02000122,Brent,100,0,0,0,100,100,100,400,100
E02000123,Brent,100,100,500,200,100,0,100,100,200
E02000124,Brent,200,100,400,400,600,200,400,600,400
E02000125,Brent,0,100,100,100,100,0,100,100,0
E02000126,Brent,100,0,0,100,0,0,0,0,100
E02000127,Bromley,0,0,100,100,0,0,0,0,300
E02000128,Bromley,100,0,300,200,0,100,100,100,300
E02000130,Bromley,400,300,400,300,100,0,100,400,100
E02000131,Bromley,100,0,0,100,100,0,100,0,500
E02000132,Bromley,100,100,400,500,200,100,300,300,200
E02000133,Bromley,100,100,100,300,100,100,100,100,300
E02000134,Bromley,400,100,700,600,200,100,500,1200,1600
E02000135,Bromley,100,100,100,100,0,0,100,100,500
E02000136,Bromley,100,100,100,100,0,100,100,500,400
E02000137,Bromley,100,0,0,,100,0,100,0,300
E02000138,Bromley,100,100,300,100,100,0,200,200,400
E02000139,Bromley,200,0,100,100,100,0,100,300,400
E02000140,Bromley,500,300,100,100,100,0,100,,100
E02000141,Bromley,100,100,100,,0,0,0,100,300
E02000142,Bromley,100,100,300,200,100,200,200,200,600
E02000144,Bromley,200,200,3600,500,700,100,800,1200,1300
E02000145,Bromley,200,500,1400,200,100,0,0,100,200
E02000146,Bromley,400,200,100,200,100,0,200,100,1000
E02000147,Bromley,100,0,100,0,100,100,100,100,100
E02000148,Bromley,100,100,300,300,200,100,100,300,100
E02000149,Bromley,500,300,200,100,100,0,100,100,300
E02000150,Bromley,100,100,100,200,0,100,0,0,0
E02000151,Bromley,100,,,,100,,,100,
E02000152,Bromley,100,,,100,0,0,0,,200
E02000153,Bromley,100,0,0,,0,0,100,100,100
E02000154,Bromley,300,200,1100,300,200,100,500,200,400
E02000155,Bromley,100,0,0,,0,0,100,,
E02000156,Bromley,200,100,600,300,200,0,200,100,200
E02000157,Bromley,100,0,0,0,100,0,100,100,100
E02000158,Bromley,100,,,0,0,,,0,0
E02000159,Bromley,200,100,500,400,200,0,100,400,100
E02000160,Bromley,200,0,300,200,100,100,100,200,1000
E02000161,Bromley,100,0,100,0,100,0,100,0,300
E02000162,Bromley,100,100,0,100,0,0,0,1300,2600
E02000163,Bromley,200,100,300,200,100,100,100,100,500
E02000165,Bromley,200,100,100,0,0,100,100,200,100
E02006782,Bromley,100,0,200,0,0,0,100,100,100
E02006787,Bromley,100,100,500,200,100,100,0,200,300
E02006789,Bromley,100,100,300,200,0,0,100,200,0
E02000166,Camden,100,100,100,300,200,100,100,200,300
E02000167,Camden,200,100,500,700,100,200,300,200,200
E02000168,Camden,,200,300,700,900,300,1700,500,700
E02000169,Camden,0,0,100,200,100,100,100,100,100
E02000170,Camden,100,100,100,200,100,100,100,200,100
E02000171,Camden,0,100,0,100,100,100,200,200,700
E02000172,Camden,0,500,300,200,200,100,400,100,300
E02000173,Camden,100,100,300,500,200,200,400,300,6800
E02000174,Camden,100,200,200,100,200,100,400,100,300
E02000175,Camden,200,400,800,500,200,100,100,200,200
E02000176,Camden,0,0,100,100,100,100,300,100,200
E02000177,Camden,0,0,500,300,100,100,100,200,200
E02000178,Camden,200,100,300,200,100,100,200,100,100
E02000179,Camden,0,100,0,400,100,0,100,0,100
E02000180,Camden,100,100,100,100,100,100,100,100,200
E02000181,Camden,0,0,0,100,100,100,100,0,500
E02000182,Camden,100,100,400,300,800,100,200,100,100
E02000183,Camden,100,400,500,1000,1700,400,900,500,200
E02000184,Camden,100,500,1100,400,900,500,1300,500,2400
E02000185,Camden,100,100,600,300,100,100,200,700,200
E02000186,Camden,600,1000,2100,1700,3400,2900,3600,1100,6300
E02000187,Camden,300,100,700,1800,300,400,600,400,200
E02000188,Camden,500,300,600,800,300,100,1200,600,200
E02000189,Camden,100,100,100,1200,400,300,600,800,1700
E02000190,Camden,0,100,600,1500,900,300,600,700,2700
E02000191,Camden,,600,2400,5600,4100,1600,9700,3100,2300
E02000192,Camden,600,1800,1100,1400,5600,1900,6200,6700,4500
E02000193,Camden,400,1200,3200,6200,9500,3900,18400,18700,2700
E02000194,Croydon,100,0,200,300,100,0,200,100,200
E02000195,Croydon,100,0,100,200,0,0,0,100,100
E02000196,Croydon,0,0,100,400,,,,0,100
E02000197,Croydon,0,0,100,100,0,0,0,100,100
E02000198,Croydon,0,100,0,100,0,,,100,200
E02000199,Croydon,0,0,100,0,0,0,0,200,100
E02000200,Croydon,0,100,100,100,0,0,100,100,300
E02000201,Croydon,100,100,100,100,0,0,0,0,0
E02000202,Croydon,100,0,100,100,0,0,0,0,200
E02000203,Croydon,0,100,500,100,0,0,0,400,300
E02000204,Croydon,0,0,100,200,100,0,100,100,300
E02000206,Croydon,700,300,200,100,0,0,100,,200
E02000207,Croydon,100,100,100,100,0,0,0,0,200
E02000208,Croydon,0,100,100,100,0,0,200,100,4100
E02000209,Croydon,100,400,300,0,0,0,100,400,100
E02000210,Croydon,100,0,0,0,0,100,0,0,0
E02000211,Croydon,100,0,100,0,100,0,0,0,300
E02000212,Croydon,0,300,1300,300,100,0,0,100,100
E02000213,Croydon,200,200,2300,400,200,0,300,600,800
E02000214,Croydon,100,0,200,100,0,0,0,0,200
E02000215,Croydon,100,300,100,100,400,200,500,200,300
E02000216,Croydon,0,0,100,0,200,100,100,0,200
E02000217,Croydon,300,300,4000,500,400,100,200,200,400
E02000218,Croydon,0,0,100,0,0,0,100,100,100
E02000219,Croydon,100,100,100,200,100,0,100,0,100
E02000220,Croydon,700,100,900,1600,800,600,2400,2000,1600
E02000221,Croydon,500,900,400,400,200,100,200,700,500
E02000222,Croydon,200,100,100,200,100,100,100,300,600
E02000223,Croydon,0,,,,,,,0,0
E02000224,Croydon,200,600,100,100,100,100,100,100,300
E02000225,Croydon,100,100,100,0,0,0,0,100,300
E02000226,Croydon,100,0,400,100,100,0,100,100,200
E02000227,Croydon,100,0,100,100,0,0,0,100,100
E02000228,Croydon,100,0,300,100,100,100,100,0,200
E02000229,Croydon,100,300,300,100,,0,0,0,200
E02000230,Croydon,200,100,800,300,200,200,200,100,700
E02000231,Croydon,100,,,,200,,,,500
E02000232,Croydon,100,0,100,200,0,0,0,0,0
E02000233,Croydon,200,100,0,100,0,100,0,0,200
E02000234,Croydon,200,600,200,200,400,100,200,200,200
E02000235,Croydon,300,200,0,,100,100,100,100,200
E02000236,Croydon,100,200,100,100,0,100,100,300,0
E02000237,Croydon,0,0,100,100,0,0,100,0,100
E02006788,Croydon,0,,,100,0,0,0,,0
E02000238,Ealing,100,0,100,100,0,0,500,100,100
E02000239,Ealing,100,0,100,100,100,0,0,0,100
E02000240,Ealing,100,0,0,100,0,0,0,0,100
E02000241,Ealing,100,,,,100,0,100,,100
E02000242,Ealing,200,500,100,0,100,0,100,0,200
E02000243,Ealing,100,400,700,300,300,100,200,500,200
E02000244,Ealing,300,700,500,200,400,0,200,200,100
E02000245,Ealing,0,0,0,,0,,,0,100
E02000246,Ealing,100,0,100,100,100,0,0,100,100
E02000247,Ealing,100,0,100,100,0,,,,400
E02000248,Ealing,500,600,200,300,300,100,1500,1800,100
E02000249,Ealing,200,100,500,,0,0,0,,100
E02000250,Ealing,0,0,100,100,100,100,100,100,200
E02000251,Ealing,0,0,0,0,0,0,0,0,100
E02000252,Ealing,800,2900,3100,600,1200,500,400,1700,100
E02000253,Ealing,100,0,0,0,0,0,0,100,100
E02000254,Ealing,100,100,100,100,0,0,0,0,200
E02000255,Ealing,100,0,100,0,100,100,100,0,300
E02000256,Ealing,100,100,100,300,500,200,900,100,400
E02000257,Ealing,400,400,1900,1000,300,100,300,900,800
E02000258,Ealing,100,,,0,100,,,0,100
E02000259,Ealing,100,,,0,0,0,0,0,0
E02000260,Ealing,100,200,800,300,0,0,100,100,200
E02000261,Ealing,100,100,200,100,100,0,200,100,100
E02000262,Ealing,100,100,600,300,100,0,200,400,300
E02000263,Ealing,0,100,100,200,0,0,0,100,200
E02000264,Ealing,100,0,200,200,100,100,100,100,200
E02000265,Ealing,100,0,900,200,100,0,100,100,300
E02000266,Ealing,100,700,400,400,100,0,0,1000,3900
E02000267,Ealing,100,200,100,200,100,0,100,100,300
E02000268,Ealing,200,0,100,300,400,100,100,100,200
E02000269,Ealing,100,100,100,200,1000,100,1100,200,1300
E02000270,Ealing,300,300,100,100,0,0,100,1300,400
E02000271,Ealing,200,700,300,100,300,200,200,300,100
E02000272,Ealing,100,200,100,100,100,100,100,200,100
E02000274,Ealing,100,900,200,200,0,0,100,0,100
E02000275,Ealing,200,100,100,100,100,0,100,100,400
E02000276,Ealing,100,0,100,100,100,100,0,100,100
E02006791,Ealing,100,,,100,100,100,200,100,100
E02000277,Enfield,0,,,,0,0,0,0,100
E02000278,Enfield,100,0,200,200,0,0,0,0,100
E02000279,Enfield,200,700,100,100,100,0,100,1500,100
E02000280,Enfield,500,300,400,300,0,0,100,100,200
E02000281,Enfield,100,100,200,,0,0,100,,200
E02000282,Enfield,100,100,200,100,,0,100,100,
E02000283,Enfield,100,300,0,100,0,,,300,0
E02000284,Enfield,100,0,200,400,100,0,100,100,600
E02000285,Enfield,100,0,0,,0,0,100,300,400
E02000286,Enfield,100,100,100,400,400,0,200,100,3700
E02000287,Enfield,100,100,200,300,100,100,100,100,400
E02000288,Enfield,600,1100,1200,500,400,0,0,900,600
E02000289,Enfield,100,0,0,100,0,0,0,0,0
E02000290,Enfield,1300,1700,400,100,,0,100,400,100
E02000291,Enfield,300,0,1600,200,100,0,200,1000,500
E02000292,Enfield,100,400,500,0,200,0,0,300,200
E02000293,Enfield,100,0,0,100,100,0,200,0,100
E02000294,Enfield,100,200,200,0,0,0,0,100,100
E02000295,Enfield,300,100,100,0,100,0,100,0,500
E02000296,Enfield,200,200,800,300,100,0,200,300,500
E02000297,Enfield,100,100,100,100,100,0,100,100,100
E02000298,Enfield,200,100,200,200,100,100,200,200,200
E02000299,Enfield,100,0,100,100,0,0,0,100,300
E02000300,Enfield,0,0,0,,0,0,0,,200
E02000301,Enfield,100,200,100,100,100,,,600,300
E02000302,Enfield,100,,,,0,,,0,200
E02000303,Enfield,0,100,100,,0,0,100,0,300
E02000304,Enfield,100,100,0,100,100,100,100,100,200
E02000305,Enfield,100,100,300,400,200,100,200,300,400
E02000306,Enfield,100,500,1100,200,0,0,0,200,100
E02000307,Enfield,100,,,0,,,,100,
E02000308,Enfield,100,200,200,100,0,0,100,0,200
E02000309,Enfield,100,300,1300,200,0,0,100,100,300
E02000311,Enfield,100,100,100,0,0,0,0,200,0
E02000312,Enfield,100,100,400,100,0,0,100,100,400
E02006793,Enfield,100,200,0,100,,,,200,
E02000313,Greenwich,0,,,0,0,,,0,0
E02000314,Greenwich,100,200,600,300,100,0,0,400,500
E02000315,Greenwich,0,0,100,0,0,0,0,0,100
E02000316,Greenwich,500,800,1400,400,200,400,300,1200,600
E02000317,Greenwich,0,0,0,0,0,0,0,200,100
E02000318,Greenwich,0,100,200,100,0,0,0,300,200
E02000319,Greenwich,100,,,200,200,0,0,100,
E02000320,Greenwich,0,,,,0,0,0,0,400
E02000321,Greenwich,0,,,0,0,0,0,0,100
E02000323,Greenwich,100,0,500,100,0,0,0,100,1300
E02000324,Greenwich,0,0,100,100,0,0,0,200,400
E02000326,Greenwich,0,,,0,0,0,0,0,100
E02000327,Greenwich,0,0,0,,100,0,0,100,
E02000328,Greenwich,100,0,100,0,100,0,0,0,200
E02000329,Greenwich,0,,,0,0,,,0,100
E02000331,Greenwich,0,0,100,100,0,0,0,100,300
E02000332,Greenwich,0,0,0,0,0,0,0,,600
E02000333,Greenwich,100,0,200,100,100,100,100,100,400
E02000334,Greenwich,0,0,0,,0,0,0,,100
E02000335,Greenwich,100,0,0,0,0,0,0,0,100
E02000337,Greenwich,100,0,0,0,100,0,0,0,100
E02000339,Greenwich,100,0,500,200,400,,,0,100
E02000340,Greenwich,200,100,900,300,0,0,200,100,300
E02000341,Greenwich,0,0,0,100,0,,,0,0
E02000342,Greenwich,100,0,100,100,0,0,0,100,100
E02000343,Greenwich,100,0,0,100,0,0,0,0,100
E02000344,Greenwich,100,100,0,100,0,0,100,100,200
E02006786,Greenwich,0,0,100,0,0,0,0,,0
E02006927,Greenwich,0,0,100,200,100,0,0,200,300
E02006928,Greenwich,200,100,300,500,100,100,200,400,300
E02006929,Greenwich,400,800,1000,1000,300,200,100,300,100
E02006930,Greenwich,200,0,800,400,100,100,100,800,300
E02006931,Greenwich,100,100,400,800,600,100,100,200,400
E02000345,Hackney,200,200,400,100,0,0,100,100,300
E02000346,Hackney,,,,,0,0,0,0,200
E02000347,Hackney,100,100,100,0,0,0,0,0,300
E02000348,Hackney,0,100,200,,0,0,0,200,200
E02000350,Hackney,0,100,100,0,100,,,0,100
E02000351,Hackney,0,0,100,100,100,0,100,100,0
E02000352,Hackney,0,,,0,0,0,100,0,100
E02000353,Hackney,100,100,400,600,100,0,100,100,200
E02000354,Hackney,100,,,100,0,0,0,0,100
E02000355,Hackney,0,0,100,100,0,0,100,0,100
E02000356,Hackney,100,0,100,100,100,0,100,100,100
E02000357,Hackney,,,,,0,,,0,100
E02000358,Hackney,100,0,200,200,100,0,100,100,200
E02000359,Hackney,100,0,100,0,0,0,100,0,100
E02000360,Hackney,100,100,100,100,100,0,100,0,100
E02000361,Hackney,0,100,800,200,100,100,100,100,200
E02000362,Hackney,0,200,100,100,0,0,0,700,100
E02000363,Hackney,0,0,200,300,0,0,0,100,4000
E02000364,Hackney,0,0,700,200,100,0,100,100,400
E02000365,Hackney,100,200,500,500,300,100,400,800,300
E02000366,Hackney,0,0,100,200,100,100,0,0,100
E02000367,Hackney,0,200,300,400,200,100,400,300,800
E02000368,Hackney,0,0,0,100,100,0,0,0,100
E02000369,Hackney,0,100,300,200,200,100,400,300,1100
E02000370,Hackney,0,200,100,200,700,100,600,400,200
E02000371,Hackney,600,1100,1200,3400,5900,1900,6800,4300,2300
E02006918,Hackney,200,100,100,0,0,0,0,0,100
E02006921,Hackney,100,0,100,0,0,0,0,100,100
E02000372,Hammersmith and Fulham,100,2600,300,300,4300,100,1400,1000,3300
E02000373,Hammersmith and Fulham,100,,,,,,,0,
E02000374,Hammersmith and Fulham,0,0,0,100,100,0,0,0,100
E02000375,Hammersmith and Fulham,0,200,7400,1900,700,100,100,600,100
E02000376,Hammersmith and Fulham,200,100,400,300,100,0,200,100,100
E02000377,Hammersmith and Fulham,100,100,200,100,200,0,200,100,200
E02000378,Hammersmith and Fulham,0,100,300,300,1200,100,200,100,200
E02000379,Hammersmith and Fulham,0,0,0,0,100,0,100,0,100
E02000380,Hammersmith and Fulham,0,100,0,100,200,100,200,100,100
E02000381,Hammersmith and Fulham,200,100,200,500,1100,100,1200,200,200
E02000382,Hammersmith and Fulham,100,200,200,400,300,200,800,300,300
E02000383,Hammersmith and Fulham,0,100,200,400,1700,800,1300,500,1100
E02000384,Hammersmith and Fulham,200,2200,1800,1400,5500,1500,3100,6600,1200
E02000385,Hammersmith and Fulham,0,0,100,100,100,100,100,100,100
E02000386,Hammersmith and Fulham,200,,,100,,0,0,200,100
E02000387,Hammersmith and Fulham,0,,,,0,100,100,,
E02000388,Hammersmith and Fulham,0,100,500,600,200,100,300,200,400
E02000389,Hammersmith and Fulham,0,0,200,200,200,100,500,,
E02000390,Hammersmith and Fulham,100,100,100,100,100,100,200,100,200
E02000391,Hammersmith and Fulham,100,100,700,800,300,300,400,1800,400
E02000392,Hammersmith and Fulham,100,200,600,700,300,200,400,300,300
E02000393,Hammersmith and Fulham,0,0,100,100,100,,,300,0
E02000394,Hammersmith and Fulham,300,400,800,400,600,100,500,400,100
E02000395,Hammersmith and Fulham,100,200,300,500,300,300,400,1400,200
E02000396,Hammersmith and Fulham,200,300,600,100,300,100,200,200,200
E02000397,Haringey,100,100,100,100,0,0,0,100,100
E02000398,Haringey,100,1000,100,100,0,0,0,300,100
E02000400,Haringey,100,100,200,100,200,0,100,200,200
E02000401,Haringey,100,200,100,0,,,,0,
E02000402,Haringey,0,100,0,0,,,,0,100
E02000403,Haringey,0,0,100,100,100,0,200,200,300
E02000404,Haringey,0,0,100,0,0,,,100,100
E02000405,Haringey,100,0,0,100,100,100,100,100,0
E02000406,Haringey,0,0,100,0,0,0,0,0,0
E02000407,Haringey,0,0,100,0,0,,,0,200
E02000408,Haringey,0,100,200,100,0,,,0,100
E02000409,Haringey,0,0,0,,0,0,0,,
E02000410,Haringey,0,0,100,,100,,,100,100
E02000411,Haringey,200,300,100,200,100,100,100,300,300
E02000412,Haringey,0,200,2800,400,200,0,100,400,400
E02000413,Haringey,0,0,0,100,100,100,100,0,200
E02000414,Haringey,0,0,0,0,0,0,0,,0
E02000415,Haringey,100,0,100,100,0,0,0,0,100
E02000416,Haringey,0,0,100,100,100,0,100,,100
E02000417,Haringey,0,0,700,100,100,100,100,,100
E02000418,Haringey,100,0,0,100,100,0,100,100,100
E02000419,Haringey,100,100,300,100,100,0,100,100,200
E02000420,Haringey,100,0,100,100,0,0,0,0,0
E02000421,Haringey,100,200,900,100,0,0,100,200,300
E02000422,Haringey,0,100,100,0,0,,,0,100
E02000423,Haringey,0,0,100,100,0,0,0,0,700
E02000424,Haringey,100,200,0,100,100,0,100,100,100
E02000425,Haringey,100,100,100,,,,,0,200
E02000426,Haringey,200,100,100,300,100,100,100,200,300
E02000427,Haringey,0,0,500,200,100,0,100,0,100
E02000428,Haringey,100,300,500,0,100,0,0,100,100
E02000429,Haringey,0,0,0,0,100,100,100,0,100
E02000430,Haringey,100,100,600,600,100,200,100,100,100
E02000431,Haringey,0,0,200,200,100,0,100,100,100
E02000432,Haringey,0,0,0,100,100,0,100,0,100
E02006794,Haringey,100,100,200,,,,,100,300
E02000433,Harrow,200,200,400,200,100,,,100,2300
E02000434,Harrow,100,200,200,200,100,100,200,200,100
E02000435,Harrow,0,0,0,0,0,0,0,0,300
E02000436,Harrow,100,0,100,100,100,100,100,0,100
E02000437,Harrow,100,100,300,100,100,0,100,0,200
E02000438,Harrow,100,100,500,200,100,0,100,100,200
E02000439,Harrow,200,200,200,100,200,100,200,400,100
E02000440,Harrow,100,0,100,100,100,0,100,100,100
E02000441,Harrow,0,0,200,0,100,0,100,0,100
E02000442,Harrow,100,200,100,0,100,0,100,100,100
E02000443,Harrow,300,100,100,100,0,0,100,200,400
E02000444,Harrow,0,0,100,100,0,0,100,0,100
E02000445,Harrow,300,200,100,200,100,0,100,100,300
E02000447,Harrow,100,0,100,,100,,,0,100
E02000448,Harrow,100,100,500,300,100,100,300,100,500
E02000449,Harrow,100,0,100,,100,0,0,0,0
E02000451,Harrow,100,100,100,100,100,100,100,0,100
E02000452,Harrow,200,400,1000,400,300,0,200,500,900
E02000453,Harrow,100,300,300,100,200,100,200,200,200
E02000454,Harrow,100,0,0,0,200,0,100,0,100
E02000455,Harrow,200,400,1500,600,1200,200,1600,1500,2900
E02000456,Harrow,0,0,0,0,100,0,0,100,200
E02000457,Harrow,100,100,100,,100,,,100,500
E02000459,Harrow,100,100,400,100,200,0,100,100,100
E02000460,Harrow,0,0,0,0,100,0,0,0,200
E02000461,Harrow,300,100,100,100,200,100,200,100,1200
E02000462,Harrow,0,100,400,200,0,,,100,100
E02000463,Harrow,100,0,0,0,0,0,0,0,100
E02006795,Harrow,100,100,100,200,100,0,100,0,0
E02006882,Harrow,300,200,300,200,100,100,300,100,300
E02000464,Havering,0,100,0,,,0,0,0,100
E02000465,Havering,100,,,0,0,,,0,200
E02000466,Havering,200,0,0,0,0,0,0,100,400
E02000467,Havering,600,400,300,100,100,0,100,100,100
E02000468,Havering,100,100,200,100,,0,0,100,200
E02000469,Havering,200,0,200,,0,,,0,200
E02000470,Havering,700,800,900,200,200,100,100,500,600
E02000471,Havering,200,0,0,0,0,0,0,0,0
E02000472,Havering,100,100,100,0,0,0,0,0,200
E02000473,Havering,100,100,100,100,0,0,100,200,100
E02000474,Havering,400,100,200,0,0,0,0,0,200
E02000475,Havering,200,0,100,100,0,0,100,100,300
E02000476,Havering,200,200,3900,1000,400,100,200,2400,800
E02000477,Havering,100,100,100,0,100,0,100,100,100
E02000478,Havering,200,100,100,100,0,0,100,100,300
E02000479,Havering,300,800,800,200,100,0,200,800,200
E02000480,Havering,400,500,100,200,0,0,100,300,
E02000481,Havering,200,100,100,100,0,0,0,200,500
E02000482,Havering,100,0,100,100,100,0,100,100,100
E02000483,Havering,200,100,700,500,100,0,200,300,600
E02000484,Havering,100,0,100,100,0,0,0,800,100
E02000485,Havering,100,100,600,500,100,0,300,500,100
E02000486,Havering,100,0,100,200,0,0,0,0,100
E02000487,Havering,100,0,0,100,100,0,0,100,200
E02000488,Havering,100,,,,,0,100,,
E02000489,Havering,100,,,0,0,0,0,,
E02000490,Havering,0,0,100,0,0,0,0,0,100
E02000491,Havering,700,500,600,100,100,,,400,100
E02000492,Havering,100,400,0,,,,,400,
E02000493,Havering,100,,,100,,0,0,0,100
E02000494,Hillingdon,0,0,0,200,100,100,100,100,1600
E02000495,Hillingdon,200,100,400,500,100,100,200,200,300
E02000496,Hillingdon,400,200,100,200,100,700,100,200,1600
E02000497,Hillingdon,100,0,0,100,100,0,100,100,300
E02000498,Hillingdon,200,100,100,,100,0,100,,0
E02000499,Hillingdon,100,100,200,100,100,100,200,400,200
E02000500,Hillingdon,300,100,700,700,100,100,200,300,400
E02000501,Hillingdon,100,0,100,100,100,100,100,200,300
E02000502,Hillingdon,300,100,100,200,100,0,0,100,100
E02000503,Hillingdon,100,200,100,,100,0,0,0,
E02000504,Hillingdon,100,0,0,100,100,0,100,100,100
E02000506,Hillingdon,200,100,0,100,100,,,100,200
E02000507,Hillingdon,100,,,,0,,,,
E02000508,Hillingdon,100,900,1700,700,300,200,900,1700,400
E02000509,Hillingdon,1000,2300,1000,800,300,2300,1100,7800,400
E02000510,Hillingdon,100,100,200,100,0,0,100,200,4500
E02000511,Hillingdon,100,100,100,100,0,0,200,100,100
E02000512,Hillingdon,100,,,0,0,0,100,0,0
E02000513,Hillingdon,0,,,100,0,0,0,0,0
E02000514,Hillingdon,0,100,200,200,0,0,100,100,100
E02000515,Hillingdon,100,700,800,100,300,,,500,300
E02000516,Hillingdon,0,0,0,,0,,,0,100
E02000517,Hillingdon,0,100,100,0,0,0,0,0,200
E02000518,Hillingdon,100,800,100,,100,,,100,300
E02000519,Hillingdon,100,500,1400,200,100,0,200,100,100
E02000520,Hillingdon,500,2000,800,400,1700,700,300,2400,400
E02000521,Hillingdon,100,0,100,400,100,0,0,0,0
E02000522,Hillingdon,100,100,100,100,0,0,100,100,400
E02000523,Hillingdon,100,200,100,100,900,0,100,600,100
E02000524,Hillingdon,1400,600,2600,6800,700,,,5700,200
E02000525,Hillingdon,100,100,100,1600,100,0,400,,
E02006796,Hillingdon,200,1300,800,200,200,100,300,300,100
E02000526,Hounslow,100,200,300,500,700,200,200,1000,400
E02000528,Hounslow,200,1400,400,300,1100,100,1100,300,200
E02000529,Hounslow,0,0,0,100,0,0,0,100,100
E02000530,Hounslow,,800,500,400,0,,,,
E02000531,Hounslow,,2500,300,300,600,,,800,500
E02000532,Hounslow,0,0,100,100,200,100,100,200,200
E02000533,Hounslow,0,0,0,100,200,200,100,100,100
E02000534,Hounslow,,500,800,300,,100,100,700,
E02000535,Hounslow,0,0,100,100,100,0,0,0,100
E02000536,Hounslow,0,0,0,100,100,0,0,400,400
E02000537,Hounslow,0,0,100,0,200,100,100,0,200
E02000538,Hounslow,0,300,100,200,200,0,100,600,100
E02000539,Hounslow,200,300,100,100,100,100,100,700,2400
E02000540,Hounslow,300,600,400,200,200,0,100,1100,300
E02000541,Hounslow,0,100,300,200,100,0,100,300,200
E02000542,Hounslow,100,100,200,200,200,0,100,400,500
E02000543,Hounslow,100,400,2000,500,400,100,200,300,700
E02000544,Hounslow,0,0,0,0,100,0,0,0,100
E02000545,Hounslow,100,200,700,300,100,0,100,200,300
E02000546,Hounslow,0,,,100,,0,0,,100
E02000547,Hounslow,100,400,100,1600,500,100,0,1400,0
E02000548,Hounslow,100,2000,100,100,,,,400,200
E02000549,Hounslow,100,0,100,200,200,0,100,400,300
E02000550,Hounslow,0,0,1300,200,200,0,100,100,100
E02000551,Hounslow,100,600,200,100,,,,4700,100
E02000552,Hounslow,200,200,100,200,500,100,100,400,200
E02000553,Hounslow,0,,,0,0,,,,100
E02006792,Hounslow,500,900,1900,1200,3600,1300,2900,2400,1200
E02000554,Islington,0,100,100,0,100,0,100,100,100
E02000555,Islington,100,100,100,200,100,100,100,100,300
E02000556,Islington,100,100,400,300,100,0,100,100,500
E02000557,Islington,,100,200,300,100,0,100,200,
E02000558,Islington,0,100,200,100,0,0,100,300,600
E02000559,Islington,0,0,100,1200,100,0,100,0,300
E02000560,Islington,0,100,1200,300,100,100,200,200,300
E02000561,Islington,0,100,0,100,200,0,100,100,
E02000562,Islington,0,100,100,100,100,100,100,100,
E02000563,Islington,100,0,100,100,100,0,0,0,400
E02000564,Islington,0,0,400,200,100,100,100,300,200
E02000565,Islington,0,0,100,200,100,0,100,0,200
E02000566,Islington,100,0,300,400,100,100,200,200,200
E02000567,Islington,100,0,100,100,100,100,200,100,200
E02000568,Islington,500,600,200,300,300,300,400,1500,400
E02000569,Islington,0,100,200,600,100,100,600,0,300
E02000570,Islington,100,100,200,300,100,200,400,100,100
E02000571,Islington,0,100,200,200,200,100,300,1000,200
E02000572,Islington,300,100,100,100,0,100,200,200,200
E02000573,Islington,300,200,1600,1900,2400,700,1300,1400,700
E02000574,Islington,,400,400,1900,2100,1200,2100,2800,1100
E02000575,Islington,1100,900,1300,2800,6000,2500,16000,6500,4700
E02000576,Islington,900,700,1300,1800,16800,1500,6100,2800,3000
E02000577,Kensington and Chelsea,200,100,600,300,300,100,500,200,500
E02000578,Kensington and Chelsea,100,100,100,0,200,100,100,400,900
E02000579,Kensington and Chelsea,200,200,200,100,,300,200,,200
E02000580,Kensington and Chelsea,0,100,900,500,400,100,300,100,500
E02000581,Kensington and Chelsea,0,300,100,100,500,1100,200,200,300
E02000582,Kensington and Chelsea,0,100,900,600,100,200,200,100,300
E02000583,Kensington and Chelsea,100,0,500,700,100,100,200,100,200
E02000584,Kensington and Chelsea,200,200,1000,1400,500,200,400,700,100
E02000585,Kensington and Chelsea,100,0,100,400,,100,100,300,200
E02000586,Kensington and Chelsea,100,200,1500,2200,4400,700,400,300,300
E02000587,Kensington and Chelsea,100,100,800,700,200,300,200,1000,500
E02000588,Kensington and Chelsea,400,800,9500,3300,200,600,600,800,200
E02000589,Kensington and Chelsea,100,0,400,1000,100,100,100,600,1200
E02000590,Kensington and Chelsea,100,200,1300,1600,300,300,800,300,300
E02000591,Kensington and Chelsea,0,0,400,500,100,100,100,100,100
E02000592,Kensington and Chelsea,0,100,700,2000,100,100,300,400,200
E02000593,Kensington and Chelsea,0,0,200,1500,100,100,100,600,100
E02000594,Kensington and Chelsea,100,100,1100,700,0,200,100,100,
E02000595,Kensington and Chelsea,100,100,1000,1200,200,200,500,,
E02000596,Kensington and Chelsea,100,100,300,700,100,100,100,500,3900
E02000597,Kensington and Chelsea,100,200,400,200,200,300,400,300,200
E02000598,Kingston upon Thames,0,200,0,100,100,100,100,100,200
E02000599,Kingston upon Thames,100,100,0,100,100,100,0,300,600
E02000600,Kingston upon Thames,100,0,100,200,100,100,100,,
E02000601,Kingston upon Thames,100,100,400,200,200,200,600,1700,300
E02000602,Kingston upon Thames,100,300,400,200,300,100,600,1200,700
E02000603,Kingston upon Thames,0,100,200,0,0,,,,
E02000604,Kingston upon Thames,0,100,600,300,400,500,300,600,100
E02000605,Kingston upon Thames,100,100,100,100,100,100,100,100,500
E02000606,Kingston upon Thames,500,300,6100,1800,400,200,600,1800,900
E02000607,Kingston upon Thames,100,100,0,100,100,0,100,200,100
E02000608,Kingston upon Thames,100,100,700,700,300,100,300,200,200
E02000609,Kingston upon Thames,100,0,100,100,100,0,100,0,100
E02000610,Kingston upon Thames,0,0,100,100,100,100,200,100,800
E02000611,Kingston upon Thames,100,0,0,0,100,0,100,100,100
E02000612,Kingston upon Thames,100,0,100,0,100,0,100,0,200
E02000613,Kingston upon Thames,100,100,100,100,100,100,100,100,300
E02000614,Kingston upon Thames,200,1500,500,100,300,200,200,400,400
E02000615,Kingston upon Thames,200,400,200,100,100,0,0,100,100
E02000616,Kingston upon Thames,100,400,0,0,100,0,0,0,100
E02000617,Kingston upon Thames,300,400,300,300,100,,,0,
E02000619,Lambeth,100,200,300,200,200,200,200,300,400
E02000620,Lambeth,100,200,400,700,500,600,400,2500,3900
E02000621,Lambeth,500,400,600,500,1800,500,300,3100,700
E02000622,Lambeth,0,100,300,300,200,100,100,200,200
E02000623,Lambeth,0,,,100,0,0,0,,
E02000624,Lambeth,0,0,0,100,100,0,0,100,100
E02000625,Lambeth,100,100,100,200,0,0,0,300,200
E02000626,Lambeth,0,0,0,100,0,0,0,,
E02000627,Lambeth,0,100,100,300,100,0,100,100,200
E02000628,Lambeth,100,100,700,600,200,0,100,400,400
E02000629,Lambeth,300,200,200,500,200,100,200,400,200
E02000630,Lambeth,200,100,400,400,500,100,200,300,300
E02000631,Lambeth,0,,,900,100,0,100,,
E02000632,Lambeth,0,200,200,100,200,100,200,100,200
E02000633,Lambeth,0,100,700,300,100,0,100,400,200
E02000634,Lambeth,100,0,500,700,100,0,100,100,200
E02000635,Lambeth,0,100,100,300,200,0,100,200,100
E02000636,Lambeth,0,0,100,,100,100,100,,
E02000637,Lambeth,0,0,100,100,100,0,100,0,200
E02000638,Lambeth,0,100,100,100,0,0,100,200,200
E02000639,Lambeth,0,0,0,0,0,0,0,0,0
E02000640,Lambeth,0,100,0,100,100,100,100,200,100
E02000641,Lambeth,0,,,0,0,0,0,,200
E02000642,Lambeth,100,100,100,100,100,0,100,100,200
E02000643,Lambeth,0,0,100,100,100,0,100,100,100
E02000644,Lambeth,0,0,200,0,100,0,0,0,100
E02000645,Lambeth,100,200,200,300,100,0,100,100,500
E02000646,Lambeth,100,0,600,300,100,100,100,100,300
E02000647,Lambeth,0,100,0,,100,0,0,0,
E02000648,Lambeth,0,,,,0,0,0,0,200
E02000649,Lambeth,100,0,300,100,100,0,100,300,400
E02000650,Lambeth,100,100,100,100,0,0,100,100,100
E02000651,Lambeth,0,0,300,100,0,0,100,100,200
E02000652,Lambeth,0,0,100,0,0,100,0,0,100
E02006801,Lambeth,600,100,900,4600,5900,3000,1900,6200,8400
E02000653,Lewisham,0,100,100,0,100,0,0,100,200
E02000654,Lewisham,200,100,100,300,0,0,100,400,200
E02000655,Lewisham,100,200,300,200,0,0,100,100,300
E02000657,Lewisham,0,0,100,200,100,0,100,400,100
E02000658,Lewisham,0,100,100,100,0,0,0,0,100
E02000659,Lewisham,0,0,300,0,100,100,200,200,400
E02000660,Lewisham,100,0,0,100,100,0,100,100,200
E02000661,Lewisham,0,100,200,500,100,100,100,200,600
E02000662,Lewisham,100,0,0,0,0,0,100,400,300
E02000663,Lewisham,0,0,200,,0,,,0,0
E02000664,Lewisham,,0,1700,300,100,100,100,1000,3600
E02000665,Lewisham,0,0,400,100,100,0,0,100,100
E02000666,Lewisham,,,,100,0,0,0,0,200
E02000667,Lewisham,,0,100,100,100,,,0,100
E02000668,Lewisham,100,200,0,100,100,0,0,0,300
E02000669,Lewisham,100,0,100,0,100,0,0,800,300
E02000670,Lewisham,0,0,100,0,0,0,0,100,200
E02000671,Lewisham,100,200,100,100,100,0,0,100,200
E02000672,Lewisham,0,100,500,300,0,0,100,1500,1000
E02000673,Lewisham,0,0,200,200,100,100,100,200,200
E02000674,Lewisham,0,,,,0,0,0,0,400
E02000675,Lewisham,100,,,0,0,0,100,0,200
E02000676,Lewisham,0,,,0,100,0,0,100,100
E02000677,Lewisham,0,100,200,100,0,0,100,100,500
E02000678,Lewisham,0,0,0,,0,,,0,0
E02000679,Lewisham,0,0,0,100,0,0,0,0,100
E02000680,Lewisham,0,0,0,100,0,0,0,0,100
E02000681,Lewisham,0,100,1100,300,0,0,0,100,300
E02000682,Lewisham,100,0,0,0,0,,,0,100
E02000683,Lewisham,100,,,,0,0,0,,100
E02000685,Lewisham,100,0,100,,0,0,0,,200
E02000686,Lewisham,200,200,0,0,100,0,0,0,100
E02000687,Lewisham,100,100,200,100,0,0,100,0,100
E02006783,Lewisham,0,,,0,0,0,0,0,0
E02006784,Lewisham,200,100,200,200,0,0,0,0,100
E02006798,Lewisham,100,0,300,200,0,0,100,300,400
E02000689,Merton,300,800,700,200,200,100,200,600,100
E02000690,Merton,100,0,100,300,100,100,300,100,700
E02000691,Merton,0,200,1100,700,100,100,300,200,1400
E02000692,Merton,100,100,800,800,500,1100,1000,900,700
E02000693,Merton,100,200,1500,300,100,100,200,100,200
E02000694,Merton,100,100,200,100,100,100,200,400,200
E02000695,Merton,100,100,100,200,0,0,0,100,0
E02000696,Merton,100,300,100,0,100,100,100,300,0
E02000697,Merton,300,500,700,500,1000,200,400,3300,500
E02000698,Merton,100,0,100,0,100,100,100,100,300
E02000699,Merton,100,0,100,0,100,100,100,0,100
E02000700,Merton,200,400,100,0,300,100,100,1100,300
E02000701,Merton,100,100,200,100,0,,,,300
E02000702,Merton,0,0,0,0,0,0,0,0,100
E02000703,Merton,100,,,,100,,,100,100
E02000704,Merton,200,100,1100,200,300,100,200,,800
E02000705,Merton,0,0,100,0,0,0,0,100,100
E02000706,Merton,100,200,300,100,0,,,,200
E02000707,Merton,0,,,,0,,,,100
E02000708,Merton,400,300,600,100,100,100,100,800,100
E02000709,Merton,100,0,0,,100,0,0,,100
E02000710,Merton,600,800,100,100,100,100,100,500,800
E02000711,Merton,100,0,300,200,100,0,100,100,900
E02000712,Merton,100,0,0,100,0,0,100,100,100
E02000713,Merton,300,200,100,0,0,0,0,100,100
E02000714,Newham,0,100,100,0,0,0,0,100,200
E02000715,Newham,0,,,,0,0,0,100,100
E02000716,Newham,0,0,100,0,0,0,0,100,200
E02000717,Newham,100,100,100,100,0,0,100,100,100
E02000718,Newham,0,0,0,,0,0,0,0,
E02000719,Newham,0,0,100,0,0,0,0,0,200
E02000720,Newham,100,0,100,0,0,0,0,0,0
E02000721,Newham,0,100,300,600,0,,,400,200
E02000722,Newham,0,100,100,100,0,0,0,100,200
E02000723,Newham,0,100,200,200,100,0,100,100,400
E02000724,Newham,0,0,0,0,0,0,0,0,200
E02000725,Newham,700,100,1800,500,200,100,1300,2000,1000
E02000726,Newham,1200,500,5300,1600,400,100,200,1200,100
E02000727,Newham,100,100,300,100,0,,,100,100
E02000728,Newham,0,0,0,,100,0,0,0,0
E02000729,Newham,0,,,,0,0,0,0,100
E02000730,Newham,0,100,700,0,0,,,100,200
E02000731,Newham,0,0,1200,300,100,0,100,100,100
E02000732,Newham,0,0,100,900,0,,,0,100
E02000733,Newham,0,0,0,0,0,0,0,100,200
E02000734,Newham,0,,,,0,,,0,0
E02000735,Newham,100,0,200,0,0,0,0,0,100
E02000736,Newham,0,0,0,0,0,,,0,200
E02000737,Newham,0,100,100,0,0,0,0,200,200
E02000738,Newham,0,0,100,100,0,0,0,0,100
E02000739,Newham,100,0,100,0,0,0,0,0,200
E02000740,Newham,100,200,100,0,100,0,0,100,
E02000741,Newham,0,0,0,100,0,0,0,600,2600
E02000742,Newham,100,0,0,0,0,0,0,100,200
E02000743,Newham,0,0,300,200,0,0,0,0,400
E02000744,Newham,100,0,0,0,0,,,0,
E02000745,Newham,0,100,0,,0,0,0,0,
E02000746,Newham,100,600,2900,400,100,0,100,400,300
E02000747,Newham,400,500,200,400,200,100,100,200,300
E02000748,Newham,100,0,100,100,0,0,100,200,100
E02000749,Newham,100,100,0,1000,0,,,100,400
E02000750,Newham,300,300,200,1300,300,,,800,300
E02000751,Redbridge,100,200,200,200,200,200,100,100,400
E02000752,Redbridge,500,300,300,0,0,0,100,100,400
E02000753,Redbridge,0,,,0,0,0,0,,200
E02000754,Redbridge,100,0,0,100,0,0,100,200,100
E02000755,Redbridge,600,100,100,100,0,0,0,0,100
E02000756,Redbridge,100,200,300,200,100,100,100,100,100
E02000757,Redbridge,200,200,800,300,200,100,300,400,500
E02000758,Redbridge,0,0,0,,0,0,0,,100
E02000759,Redbridge,200,200,100,200,100,100,100,200,100
E02000760,Redbridge,0,0,200,200,100,0,0,100,100
E02000762,Redbridge,0,0,100,200,100,0,100,0,200
E02000763,Redbridge,100,100,500,200,100,0,0,0,300
E02000764,Redbridge,100,100,400,400,300,100,300,300,400
E02000765,Redbridge,100,100,200,200,100,0,100,100,200
E02000767,Redbridge,100,0,500,100,100,0,100,100,800
E02000768,Redbridge,0,0,0,100,0,0,0,0,100
E02000769,Redbridge,200,100,200,100,100,0,100,100,300
E02000770,Redbridge,100,100,0,,100,0,100,0,100
E02000772,Redbridge,100,0,600,100,100,0,100,900,3200
E02000773,Redbridge,0,100,100,100,100,100,100,700,100
E02000774,Redbridge,100,100,200,200,0,0,0,100,100
E02000776,Redbridge,0,0,100,200,200,0,100,200,100
E02000777,Redbridge,0,0,0,,0,0,0,0,100
E02000779,Redbridge,100,100,700,300,100,0,200,1000,300
E02000780,Redbridge,200,200,1500,300,400,100,200,1100,800
E02000781,Redbridge,100,100,100,100,100,0,100,100,200
E02000782,Redbridge,100,100,400,100,300,0,100,200,500
E02000783,Redbridge,0,,,,0,0,0,0,300
E02006800,Redbridge,200,100,200,100,100,0,100,100,300
E02006924,Redbridge,100,200,200,200,100,100,100,500,500
E02006925,Redbridge,200,600,400,100,200,100,200,300,500
E02000784,Richmond upon Thames,100,,,,200,200,200,100,100
E02000785,Richmond upon Thames,100,100,400,600,200,300,200,200,300
E02000786,Richmond upon Thames,100,100,200,300,200,200,300,200,200
E02000787,Richmond upon Thames,100,200,700,100,200,300,200,500,300
E02000788,Richmond upon Thames,100,100,500,200,200,100,200,200,300
E02000789,Richmond upon Thames,0,100,200,100,400,200,300,100,200
E02000790,Richmond upon Thames,0,0,100,200,200,100,100,100,0
E02000791,Richmond upon Thames,100,300,1400,1600,1000,700,1100,1700,200
E02000792,Richmond upon Thames,100,0,100,100,200,200,200,0,300
E02000793,Richmond upon Thames,0,0,200,100,100,0,100,100,200
E02000794,Richmond upon Thames,100,100,0,200,100,100,0,200,100
E02000795,Richmond upon Thames,0,0,100,300,100,100,100,100,100
E02000796,Richmond upon Thames,100,0,0,100,100,0,100,200,300
E02000797,Richmond upon Thames,100,300,800,500,500,200,500,1200,600
E02000798,Richmond upon Thames,100,100,300,200,100,100,100,100,300
E02000799,Richmond upon Thames,100,100,100,200,100,100,100,100,100
E02000800,Richmond upon Thames,0,0,0,0,0,0,0,0,0
E02000801,Richmond upon Thames,100,100,100,200,1300,200,200,100,500
E02000802,Richmond upon Thames,700,100,200,100,100,100,200,200,300
E02000803,Richmond upon Thames,0,,,,0,200,100,0,100
E02000804,Richmond upon Thames,200,100,500,400,400,300,2400,200,700
E02000805,Richmond upon Thames,0,100,100,500,300,200,600,100,300
E02000806,Richmond upon Thames,100,200,200,300,200,200,400,300,200
E02000807,Southwark,0,0,0,200,100,100,100,100,0
E02000808,Southwark,1200,600,1000,3800,8700,3300,8300,10600,7700
E02000809,Southwark,800,1400,800,2300,2700,4100,20900,4000,2600
E02000810,Southwark,0,200,200,200,100,0,100,200,300
E02000812,Southwark,100,100,400,1000,100,,,1100,800
E02000813,Southwark,0,100,1000,300,200,0,100,600,100
E02000814,Southwark,100,100,0,100,200,100,100,200,100
E02000815,Southwark,0,0,400,300,100,100,100,300,600
E02000816,Southwark,100,300,200,100,100,0,0,200,100
E02000817,Southwark,100,200,200,200,0,0,100,300,200
E02000818,Southwark,0,100,400,100,0,0,100,0,100
E02000819,Southwark,0,100,500,0,0,0,0,100,0
E02000820,Southwark,100,0,0,100,100,0,200,,
E02000821,Southwark,100,100,600,200,0,0,100,200,200
E02000822,Southwark,,,,0,0,0,0,0,100
E02000823,Southwark,0,100,200,100,0,0,100,200,300
E02000824,Southwark,300,400,500,200,0,0,0,200,300
E02000825,Southwark,,,,,0,0,0,0,
E02000826,Southwark,0,0,0,0,100,0,0,0,200
E02000827,Southwark,100,100,500,600,0,0,100,500,200
E02000828,Southwark,0,0,700,200,0,0,0,0,100
E02000829,Southwark,100,0,100,0,100,100,0,0,200
E02000830,Southwark,0,0,100,300,100,,,200,
E02000831,Southwark,100,0,200,200,100,0,100,300,100
E02000832,Southwark,200,100,100,100,0,0,100,0,100
E02000833,Southwark,0,,,,0,0,0,100,
E02000834,Southwark,0,,,200,100,100,100,,
E02000835,Southwark,,,,100,0,0,0,0,100
E02000836,Southwark,100,0,300,200,100,0,100,100,300
E02000837,Southwark,0,100,200,200,100,100,100,100,100
E02000838,Southwark,0,0,100,100,100,0,100,0,200
E02000839,Southwark,0,0,0,0,100,100,0,0,200
E02006802,Southwark,100,400,200,700,2200,400,600,1200,700
E02000840,Sutton,100,0,100,0,0,,,0,100
E02000841,Sutton,0,0,100,200,0,,,,
E02000842,Sutton,300,300,600,200,100,0,100,100,100
E02000843,Sutton,100,100,100,0,100,0,100,200,100
E02000844,Sutton,100,0,100,0,0,0,0,0,100
E02000845,Sutton,100,0,300,200,100,0,100,100,0
E02000846,Sutton,100,,,,0,0,0,,
E02000847,Sutton,200,100,0,200,100,0,100,200,1000
E02000848,Sutton,200,100,500,200,100,0,0,100,200
E02000849,Sutton,100,100,0,100,100,0,0,200,100
E02000850,Sutton,600,1600,700,200,100,100,200,2300,100
E02000851,Sutton,100,400,2800,600,200,900,400,5200,300
E02000852,Sutton,200,100,100,0,100,,,,100
E02000853,Sutton,200,,,,0,0,0,0,100
E02000854,Sutton,100,100,100,200,100,0,200,200,300
E02000855,Sutton,600,100,200,200,100,0,200,200,200
E02000856,Sutton,600,100,500,200,200,100,200,600,400
E02000857,Sutton,0,0,100,200,100,100,100,100,500
E02000858,Sutton,100,100,100,0,200,0,0,200,100
E02000859,Sutton,100,0,0,100,0,100,100,100,700
E02000860,Sutton,0,0,0,100,2000,0,1000,300,500
E02000861,Sutton,100,0,100,100,100,100,100,,
E02000863,Sutton,100,100,200,0,100,0,0,0,200
E02006836,Sutton,200,100,100,100,100,100,100,100,500
E02000864,Tower Hamlets,100,100,300,100,100,0,100,100,200
E02000865,Tower Hamlets,100,200,100,300,100,0,200,100,700
E02000866,Tower Hamlets,100,0,100,200,100,100,100,100,400
E02000867,Tower Hamlets,200,300,200,200,100,,,,100
E02000868,Tower Hamlets,100,100,200,100,100,0,200,0,400
E02000869,Tower Hamlets,0,100,100,500,200,0,200,100,200
E02000870,Tower Hamlets,0,0,100,100,0,0,100,100,200
E02000871,Tower Hamlets,300,100,300,0,0,,,,200
E02000872,Tower Hamlets,0,100,300,400,200,100,200,100,100
E02000873,Tower Hamlets,0,0,100,300,100,0,100,0,
E02000874,Tower Hamlets,0,100,100,0,0,0,0,0,100
E02000875,Tower Hamlets,400,100,100,0,0,0,0,100,200
E02000876,Tower Hamlets,0,200,800,200,100,100,200,100,300
E02000877,Tower Hamlets,100,300,100,200,100,0,0,100,400
E02000878,Tower Hamlets,200,600,1200,2100,3200,3500,3400,2000,1300
E02000879,Tower Hamlets,0,100,100,100,100,0,100,0,600
E02000880,Tower Hamlets,100,200,100,200,0,0,100,200,
E02000881,Tower Hamlets,100,100,100,0,0,0,0,200,100
E02000882,Tower Hamlets,0,100,100,100,0,0,0,100,200
E02000883,Tower Hamlets,0,0,200,200,0,0,0,0,100
E02000884,Tower Hamlets,400,800,400,800,1300,400,1400,2300,900
E02000885,Tower Hamlets,0,100,100,0,0,0,100,0,200
E02000886,Tower Hamlets,0,0,0,100,100,100,100,100,300
E02000887,Tower Hamlets,100,0,100,100,100,0,400,300,100
E02000888,Tower Hamlets,0,100,200,200,100,100,100,600,300
E02000889,Tower Hamlets,0,200,200,100,3200,100,400,1000,200
E02000890,Tower Hamlets,100,300,100,1100,800,200,1400,300,400
E02000891,Tower Hamlets,500,200,700,800,3400,500,500,8200,400
E02000893,Tower Hamlets,0,0,0,0,100,0,0,100,0
E02000894,Tower Hamlets,0,0,0,100,200,100,100,0,100
E02006853,Tower Hamlets,500,100,0,0,300,100,200,600,1200
E02006854,Tower Hamlets,800,2400,1400,4500,11400,4100,5900,16000,500
E02000895,Waltham Forest,100,,,100,0,0,0,0,100
E02000896,Waltham Forest,200,100,300,300,100,100,200,300,200
E02000897,Waltham Forest,100,,,,0,0,0,0,300
E02000898,Waltham Forest,100,0,0,100,100,0,0,0,300
E02000899,Waltham Forest,100,0,400,200,0,0,100,300,400
E02000900,Waltham Forest,100,600,900,0,0,0,0,300,100
E02000901,Waltham Forest,200,100,300,100,0,0,100,,200
E02000902,Waltham Forest,100,0,0,0,0,0,100,100,100
E02000903,Waltham Forest,100,200,100,0,100,0,0,0,200
E02000904,Waltham Forest,100,100,200,0,0,0,100,200,100
E02000905,Waltham Forest,100,0,200,100,100,0,100,100,500
E02000906,Waltham Forest,100,100,100,0,0,0,100,0,200
E02000907,Waltham Forest,100,100,100,200,0,0,0,0,400
E02000908,Waltham Forest,100,400,200,100,100,0,200,400,100
E02000909,Waltham Forest,100,100,100,200,0,100,100,200,200
E02000910,Waltham Forest,100,100,200,100,100,0,200,100,600
E02000911,Waltham Forest,100,100,1500,200,100,0,200,100,300
E02000912,Waltham Forest,100,0,100,,0,0,0,100,100
E02000913,Waltham Forest,0,0,100,,0,0,0,,3700
E02000914,Waltham Forest,100,100,500,200,0,0,100,,400
E02000915,Waltham Forest,0,0,0,,100,0,100,,400
E02000916,Waltham Forest,300,800,200,100,0,100,100,300,100
E02000917,Waltham Forest,100,0,0,0,0,0,0,100,100
E02000918,Waltham Forest,200,100,700,100,100,0,200,100,300
E02000919,Waltham Forest,0,100,100,100,0,0,0,0,100
E02000920,Waltham Forest,100,1000,900,300,0,0,100,0,200
E02000921,Waltham Forest,0,100,100,100,0,0,0,100,300
E02000922,Waltham Forest,100,100,100,0,0,0,0,0,100
E02000923,Wandsworth,0,100,300,300,200,300,1200,300,300
E02000924,Wandsworth,400,3000,800,600,600,400,900,1600,100
E02000925,Wandsworth,0,0,100,100,100,100,100,200,200
E02000926,Wandsworth,1000,300,200,700,600,300,400,500,300
E02000927,Wandsworth,100,0,100,200,100,0,100,100,100
E02000928,Wandsworth,100,0,200,400,100,200,300,200,100
E02000929,Wandsworth,0,,,,0,0,0,0,100
E02000930,Wandsworth,100,100,1400,900,200,100,300,400,300
E02000931,Wandsworth,100,0,0,100,100,100,100,100,0
E02000932,Wandsworth,200,700,1500,1500,1300,400,900,900,900
E02000933,Wandsworth,100,0,100,200,200,400,400,100,300
E02000934,Wandsworth,100,100,1000,600,100,100,200,500,300
E02000935,Wandsworth,0,0,100,100,0,0,0,100,400
E02000936,Wandsworth,100,100,100,100,200,100,200,100,200
E02000937,Wandsworth,100,0,200,200,100,100,100,100,100
E02000938,Wandsworth,0,,,100,100,100,0,100,200
E02000939,Wandsworth,0,,,,0,100,100,100,
E02000940,Wandsworth,0,200,1300,400,200,100,200,300,500
E02000941,Wandsworth,100,100,100,0,100,100,100,100,300
E02000942,Wandsworth,100,100,200,100,200,100,100,100,0
E02000943,Wandsworth,100,100,700,600,100,100,100,900,100
E02000944,Wandsworth,0,,,,0,0,0,0,
E02000945,Wandsworth,0,,,100,0,0,0,0,
E02000946,Wandsworth,100,100,200,200,100,100,200,200,100
E02000947,Wandsworth,200,300,200,500,100,100,100,200,100
E02000948,Wandsworth,0,0,0,100,100,100,100,100,200
E02000949,Wandsworth,100,0,200,400,100,100,100,100,1700
E02000950,Wandsworth,0,0,0,,100,0,100,100,0
E02000951,Wandsworth,100,100,100,100,100,0,100,100,100
E02000952,Wandsworth,0,0,100,100,0,0,100,100,200
E02000953,Wandsworth,300,100,100,100,100,100,100,100,100
E02000954,Wandsworth,0,0,100,100,0,0,0,0,200
E02000955,Wandsworth,0,0,200,100,0,0,100,200,0
E02000956,Wandsworth,0,0,300,,0,0,0,0,
E02000957,Wandsworth,100,100,900,300,100,0,100,200,300
E02000958,Wandsworth,0,0,0,0,100,0,0,100,100
E02000959,Wandsworth,100,0,0,100,0,0,0,100,200
E02000960,Westminster,100,100,400,500,100,100,100,100,700
E02000961,Westminster,100,0,100,200,100,100,100,100,200
E02000962,Westminster,0,100,100,0,100,100,100,100,
E02000963,Westminster,100,100,100,0,0,0,100,0,100
E02000964,Westminster,0,100,300,100,100,100,100,200,300
E02000965,Westminster,0,100,100,200,200,100,100,100,200
E02000966,Westminster,0,0,300,400,200,200,100,100,100
E02000967,Westminster,200,300,600,1600,700,700,1900,900,500
E02000968,Westminster,0,200,600,400,400,0,400,300,800
E02000969,Westminster,100,100,100,200,100,100,200,100,800
E02000970,Westminster,1700,2200,10000,7100,1800,4500,5800,3600,6500
E02000971,Westminster,700,400,1500,2800,2100,1700,2300,2300,1300
E02000972,Westminster,4600,7900,26200,21300,30700,12400,18600,14500,2200
E02000973,Westminster,0,200,300,700,200,200,600,200,200
E02000974,Westminster,100,300,1000,3400,1300,4200,1800,1300,
E02000975,Westminster,600,600,300,2200,1700,1400,1700,700,200
E02000976,Westminster,100,100,900,1900,500,200,300,500,200
E02000977,Westminster,2400,3600,9600,26400,12500,15400,14100,17000,1800
E02000978,Westminster,700,600,1400,3900,,1600,1500,4100,
E02000979,Westminster,1400,1300,1900,3200,4300,5300,4400,7200,2300
E02000980,Westminster,100,,,700,,500,300,900,400
E02000981,Westminster,100,,,1000,300,200,200,300,700
E02000982,Westminster,600,300,1100,2200,3500,2400,1200,2700,1100
E02000983,Westminster,0,0,100,100,100,0,100,100,100
n/a,London (all MSOAs total),142800,193900,390800,354300,344900,194500,376200,482700,449600
,,,,,,,,,,
Source: Inter-Departmental Business Register,,,,,,,,,,
,,,,,,,,,,
"Crown copyright, Office for National Statistics, 2015",,,,,,,,,,
,,,,,,,,,,
Notes:,,,,,,,,,,
"1. For the exact definitions of the industrial classifications listed, please refer to the sheet called ""Information"".",,,,,,,,,,
2. All figures rounded to the nearest 100 employees. Figures which appear to be zero may be any value between 0 and 49.,,,,,,,,,,
3. Figures may not add exactly due to rounding.,,,,,,,,,,
4. The symbol '..' denotes values which have been suppressed for confidentiality reasons.,,,,,,,,,,
5. Local units with zero employment and enterprises with zero employment have been excluded from this analysis.,,,,,,,,,,
"6. MSOA stands for Middle-layer Super Output Area, a population-based geographic breakdown. For more information, please see:",,,,,,,,,,
www.ons.gov.uk/ons/guide-method/geography/beginner-s-guide/census/super-output-areas--soas-/index.html,,,,,,,,,,
